Country,Cluster,PC1,PC2,GDP,GDP_per_capita,GDP_growth,Population,Inflation,Current_Account,Gov_Debt,Gov_Revenue,Gov_Expenditure,Savings
India,0,-1.8554926671214482,-3.3286050081798724,6627.982,389527.135,6.504,1525.139,4.0,-1.855,76.874,20.607,27.239,30.537
Puerto Rico,0,-0.7324989437798448,0.16390215632268587,145.896,46060.069,0.8,3.168,2.064,-1.0598942307692307,18.882,19.546,19.699,22.404652173913043
Dominican Republic,0,-1.4136490275552103,-0.023363490801115206,183.123,1089071.396,4.979,11.339,3.961,-2.483,51.982,15.473,17.431,24.343
Denmark,1,1.8270422800250907,-1.7140506785800846,585.835,585893.968,1.54,6.227,2.0,11.194,30.41,49.897,50.442,34.032
Bosnia And Herzegovina,1,1.0008769268328215,0.09902307360534852,44.106,21911.095,3.0,3.394,2.028,-3.872,35.386,41.841,44.394,24.588
Emerging Market And Developing Economies,1,0.3602589888476251,-2.2654831698042135,65817.288,76763671.0876802,3.953,42.835142131979694,3.892,0.313,81.57,25.611,30.83,32.157
Advanced Economies,1,1.656967854874198,-1.727398202567531,83750.239,76763671.0876802,1.519,42.835142131979694,2.074,0.111,118.502,36.393,41.166,22.107
Kuwait,1,2.9101533019488297,-3.2741634900548977,190.176,10334.441,2.279,5.644,1.704,19.166,24.473,75.63,50.954,45.32
Seychelles,0,0.20761563899794677,0.9147676417208197,2.701,413978.785,3.48,0.106,3.0,-7.98,46.625,34.455,34.731,18.08
Angola,0,-1.2758715660364794,-0.8445059320108858,139.542,5891524.867,3.084,46.673,9.816,0.948,60.86,13.84,16.23,32.783
Mali,0,-0.8306007254615352,0.9129416367613508,37.414,718654.82,5.1,29.347,2.0,-4.527,46.253,23.343,26.343,13.147
Sri Lanka,0,-1.3198715959588474,-0.6071531164585816,98.964,1306613.463,5.009,22.882,1.242,1.764,100.84,13.682,19.32,28.722
Vanuatu,0,0.23579227321101204,0.4489545576842519,1.413,413858.04,2.329,0.423,2.213,-4.974,59.358,30.921,34.632,22.404652173913043
Nigeria,0,-2.0069148555459746,-0.21114945303371313,443.602,3323536.914,3.989,263.655,10.0,1.292,33.757,9.215,12.46,17.892
Tunisia,0,0.12970760290479988,1.800721446694632,63.864,20992.208,1.363,12.842,8.756,-4.145,91.572,27.374,35.145,5.248
Australia,0,0.5694807833148664,0.10182065864806222,2335.258,121216.866,2.298,29.462,2.498,-2.035,49.359,36.08,37.633,22.381
Côte D'Ivoire,0,-1.213433118490042,-0.596340353798688,155.669,2314675.298,6.8,37.877,2.0,-2.44,49.178,19.611,22.615,29.849
Lao People'S Democratic Republic,0,-1.193977507701268,0.09152933429759866,21.343,74666991.433,2.458,8.276,9.922,0.059,65.366,16.209,15.298,22.404652173913043
"Comoros, Union Of The",0,-1.3131413166411787,2.0818505442015236,2.253,941465.365,3.811,1.012,2.14,-2.203,35.038,18.063,19.066,-3.31
Colombia,0,-0.07478189048219115,0.7203552718635768,552.724,44475946.204,2.76,54.706,2.986,-3.6,60.867,29.474,31.645,15.708
Cameroon,0,-1.4903222971092935,0.25592631254609766,91.528,1502060.219,4.617,34.461,3.013,-3.572,30.625,15.255,16.484,20.9
Ghana,0,-1.3310995503556007,0.2776936259065059,135.908,68721.712,5.0,38.222,8.0,-0.076,47.581,17.1,19.613,17.42
Finland,1,2.2699912657877843,0.011580788777928442,381.547,58712.601,1.189,5.603,2.0,-0.321,94.171,53.301,56.693,24.433
"Marshall Islands, Republic Of The",1,4.213003893913199,-0.3166108908941356,0.408,12370.108,1.605,0.033,2.422,3.44,10.93,80.464,80.442,22.404652173913043
El Salvador,0,-0.11169192849248608,0.23533541627325935,46.246,7081.242,2.8,6.531,1.8,-1.376,79.493,28.144,29.743,21.684
Brazil,1,0.8941755047793053,0.40807123922223987,2814.461,78629.315,2.488,216.499,2.932,-1.749,98.068,40.062,44.687,14.65
"Korea, Republic Of",0,-0.36421433389689584,-1.2723094421513292,2271.152,60948487.739,1.938,51.311,2.0,4.715,64.288,23.536,24.573,34.031
Malawi,0,-0.9286936168457104,2.7030229386403963,31.325,2382363.017,3.387,27.727,14.564,-10.107,78.773,16.485,28.14,-2.175
Somalia,0,-2.164954451621547,0.7560482037879652,18.73,961.776,4.1,19.474,3.0,-10.101,60.21118932038836,5.411,7.403,22.404652173913043
European Union (Eu),1,1.848178387466983,-0.8767990530959152,25781.923,76763671.0876802,1.401,42.835142131979694,2.112,2.61,87.823,45.964,49.542,24.582
"Hong Kong Special Administrative Region, People'S Republic Of China",0,-0.726932279951667,-1.346056149378248,536.95,537918.467,2.311,7.75,2.48,11.531,14.475,21.382,20.846,28.531
Uganda,0,-1.3016335534222352,-0.03918983954393611,106.655,7322024.43,6.101,57.302,5.0,-1.607,54.252,17.18,22.557,22.017
"Tanzania, United Republic Of",0,-1.2729611638770113,-1.3475735159656905,138.582,5071973.764,6.247,77.8,4.001,-2.793,42.861,17.797,20.807,39.579
Emerging And Developing Asia,1,0.006869707504620322,-2.172457033720755,38968.105,76763671.0876802,4.492,42.835142131979694,2.741,1.007,99.295,23.43,30.41,38.24
Samoa,0,0.09903890669049836,0.18242449791422433,1.603,20819.663,1.99,0.218,2.994,-2.069,21.718,30.181,32.29,22.404652173913043
Kyrgyz Republic,0,-0.09929454325550037,0.9787323192739962,28.155,381938.071,5.294,8.006,5.032,-6.156,39.957,32.493,35.18,14.056
Libya,1,2.010377996431891,-0.003478671621565873,57.857,42010.379,2.208,7.338,1.568,0.426,60.21118932038836,53.412,54.552,22.404652173913043
Belgium,1,2.1166243009697023,0.10456970565985184,849.306,60669.891,1.293,12.069,1.884,-0.188,122.627,49.707,56.109,23.513
Slovakia,1,1.1903751124980453,0.40555430627059846,199.114,32089.872,2.06,5.35,1.986,-0.954,75.563,41.01,46.799,19.185
"Micronesia, Federated States Of",1,3.250674081589329,0.3368908086671774,0.584,6173.93,0.662,0.095,2.216,-4.58,2.357,67.674,67.953,22.404652173913043
Pakistan,0,-1.5092891197192777,0.1899704554440754,410.495,737196.617,4.5,264.534,6.494,-1.084,60.228,15.943,18.772,14.916
"Andorra, Principality Of",1,0.7920842557668996,-1.1152331287099857,5.318,45804.337,1.5,0.1,1.7,15.368,28.363,39.748,37.397,22.404652173913043
Liberia,0,-1.1452640188744703,0.8326249643231172,7.276,1142.826,5.543,6.366,5.061,-12.291,47.999,20.123,21.476,22.404652173913043
Maldives,1,0.4542393135084321,0.7996610123567859,10.426,359856.627,4.047,0.446,2.0,-8.356,146.547,31.782,41.033,22.129
"Nauru, Republic Of",1,8.374762111065213,-0.33769019147156365,0.216,26592.421,1.788,0.013,2.459,2.017,6.678,138.653,123.337,22.404652173913043
Syrian Arab Republic,0,-0.5965570361730097,0.06343726578612487,60.043,130500.585,3.44,21.393,4.398,-2.843,30.024,20.848,28.638,23.845
Bolivia,0,0.2699937092315816,1.4897879337272293,57.086,31454.36,0.6,12.45,20.819,-3.353,93.706,25.073,38.19,9.861
Tonga,1,1.2436254906246684,0.6816541670258721,0.717,17990.31,1.211,0.098,3.244,-6.933,72.922,36.818,49.706,22.404652173913043
Malaysia,0,-0.9870300552160702,-0.3093195106322542,646.456,76753.075,4.0,35.659,2.0,2.107,70.723,18.278,21.894,23.841
"Azerbaijan, Republic Of",0,-0.041765641498246055,0.7632896595072466,100.823,15569.022,2.478,11.009,4.0,-0.753,24.945,30.333,31.662,12.921
Mongolia,0,-0.01718977039977101,1.2020180553959952,32.498,43580131.246,5.015,3.784,6.6,-12.549,59.934,32.599,35.222,18.153
Oman,0,-0.5169314320249198,-0.8099089917085361,133.367,7962.18,3.567,6.44,2.0,2.033,28.839,27.251,22.984,30.333
"Palau, Republic Of",1,1.6766859172441404,1.0550688292026322,0.437,25344.722,2.186,0.017,2.21,-13.988,36.782,50.937,49.96,22.404652173913043
Panama,0,-0.9351972776385618,-0.3062438064688207,121.443,25346.692,4.0,4.791,2.0,-2.5,58.096,19.614,21.113,28.876
Russian Federation,1,0.6268130737928429,-0.7718795258622873,2829.861,1968286.053,1.1,143.255,4.0,1.444,32.804,35.518,37.603,28.225
Zambia,0,-0.5672107270774237,-1.324030717440348,50.428,59422.344,4.765,24.676,7.0,3.296,114.943,23.811,24.959,37.162
"Slovenia, Republic Of",1,1.454211863087717,-0.3562875328489811,102.031,41106.165,2.3,2.14,2.096,2.79,66.854,45.57,48.406,25.149
Chad,0,-1.3196768920052757,0.3951551612118397,29.213,761686.95,4.06,21.69,2.964,-2.78,29.966,16.914,17.576,18.887
South Africa,0,-0.011003773688250054,0.9358148958801797,512.017,141663.71,1.835,68.878,3.0,-1.937,87.096,27.653,32.333,12.339
"Lesotho, Kingdom Of",1,2.3601470414979464,-0.8250614612957068,2.885,24528.788,1.539,2.535,4.8,-1.106,57.419,56.708,55.877,35.361
Trinidad And Tobago,0,0.17610278418116385,-0.422239801174771,30.863,142017.368,1.808,1.468,1.995,6.957,67.909,30.525,31.555,22.555
Central African Republic,0,-1.5115107422495524,0.574728377280417,5.212,453475.603,3.929,6.478,3.295,-2.51,37.875,14.038,15.292,16.959
"Mozambique, Republic Of",0,-1.2939376559508542,1.8899526919801628,38.005,70570.656,11.333,40.921,5.5,-14.976,76.024,27.798,28.125,6.975
Ireland,0,-0.4766479232585884,-1.358892783810783,880.832,132227.04,2.303,5.743,2.03,9.64,28.233,24.093,23.272,30.776
"Eswatini, Kingdom Of",0,-0.1270358244244987,0.5149268713959851,6.317,105157.668,2.785,1.243,3.0,0.526,41.36,29.185,30.456,15.354
Brunei Darussalam,0,-0.8244872946710906,-1.263002649022891,20.442,53629.549,2.911,0.485,1.0,16.388,1.82,16.709,26.059,22.404652173913043
Romania,0,0.3098445572588702,0.2121577476040612,514.342,143729.307,3.264,18.219,2.602,-5.031,69.106,32.162,37.2,24.669
Mexico,0,-0.3845534136109934,-0.17158811290188242,2442.324,344539.995,2.091,138.034,3.0,-0.596,61.471,24.201,27.201,22.783
Guinea-Bissau,0,-1.2301722599635871,0.5909401377065452,3.683,929374.007,4.204,2.23,2.0,-4.011,66.416,16.315,19.287,18.748
"Lithuania, Republic Of",1,0.8891036514305775,-0.3996602586407544,125.875,38792.13,2.459,2.798,2.495,2.046,54.485,38.578,42.441,26.224
Nicaragua,0,-0.24988555075352054,0.19432222575398211,27.761,136943.467,3.4,7.424,2.7,-2.877,40.356,29.672,27.713,22.329
United Arab Emirates,0,-0.3878013526968401,-2.1684257257945183,764.85,244851.774,3.851,11.472,2.0,10.862,26.625,28.489,23.964,38.972
United States,1,0.6253363682317628,-0.5447573175611123,36814.251,105498.573,1.753,348.955,2.191,-3.483,143.394,30.612,38.204,17.712
Ecuador,0,0.531691671397457,-0.15972773731192497,159.376,8470.447,3.0,18.815,1.5,2.834,53.754,36.796,38.072,21.465
St. Kitts And Nevis,0,0.5012122568091255,1.6345703282312296,1.432,74641.253,2.57,0.052,2.044,-12.454,82.543,33.083,40.291,14.546
"Belarus, Republic Of",1,1.2230289549146685,0.18038457409603795,108.074,40451.505,0.753,8.862,5.203,-2.55,33.106,43.455,42.428,23.545
"Egypt, Arab Republic Of",0,-1.3239793758876661,1.0641073257143296,589.853,267362.673,5.295,122.026,5.259,-3.788,72.539,18.047,21.56,8.912
Saudi Arabia,0,-0.5393576143834721,-0.40304718904405795,1596.411,150590.234,3.287,39.754,2.0,-2.81,40.668,22.87,26.237,29.243
Albania,0,-0.1461065936237971,-0.022789503913263134,41.115,1426082.875,3.497,2.563,2.999,-2.649,47.199,28.814,30.561,25.269
G7,1,1.522451569292543,-0.9483522358592136,63052.36,76763671.0876802,1.374,42.835142131979694,2.112,-1.448,137.171,36.233,42.18,20.012
"Macao Special Administrative Region, People'S Republic Of China",0,-0.1697494699836318,-2.4672268753549904,66.877,712184.219,3.02,0.733,2.185,33.195,60.21118932038836,32.39,24.123,22.404652173913043
Kiribati,1,5.213523343892323,0.542361336610255,0.406,4418.351,2.086,0.14,2.0,-7.515,39.775,85.157,100.605,22.404652173913043
Philippines,0,-1.202049054087646,-0.04573429255906971,746.498,354660.334,6.022,120.587,3.2,-2.793,55.731,20.517,22.302,21.542
"Tajikistan, Republic Of",0,-0.4100274169615082,0.20918610471048005,23.955,24694.784,4.5,11.194,5.0,-1.984,26.129,27.436,29.936,20.323
Montenegro,0,0.8844884234669773,2.215244936965651,12.451,17156.083,3.0,0.626,2.04,-15.619,64.802,40.522,44.823,9.077
Solomon Islands,0,0.2166071630161079,1.0431447089591896,2.546,24402.546,2.955,0.874,3.317,-7.459,31.051,33.028,35.829,15.904
St. Lucia,0,-0.43867661325572993,0.33118450923318726,3.276,47219.527,1.5,0.187,2.0,-0.476,77.155,22.233,24.394,20.623
Haiti,0,-1.9010952516548234,1.0785367738126583,32.37,619756.07,1.5,13.421,7.982,-1.99,11.444,6.814,8.599,10.964
"Kosovo, Republic Of",0,-0.1264612140435597,0.27153308633226136,17.706,9746.993,3.95,1.566,2.0,-7.327,23.846,29.96,31.974,25.129
Dominica,0,0.833442172539936,2.594046318458955,0.957,33489.194,2.53,0.077,2.2,-13.802,80.704,41.473,41.827,2.89
Sweden,1,1.5686678537871954,-0.9595100114796868,832.1,708698.399,1.665,11.049,2.0,4.477,33.511,47.559,47.562,30.568
Uruguay,0,0.07745707609825261,0.9173528898489658,109.839,1452786.237,2.218,3.466,4.478,-1.74,68.567,30.244,32.39,13.28
Peru,0,-0.908498997555663,0.29076760610143143,393.88,40863.315,2.502,36.164,2.0,-1.454,35.236,19.439,20.589,19.574
Switzerland,0,0.32557160785751166,-1.4832835509304059,1259.072,99029.219,1.8,9.354,0.709,7.502,32.746,32.334,32.271,34.564
Myanmar,0,-0.824013058688627,0.017142672044738544,84.161,5121117.778,1.808,56.185,7.8,-4.268,62.087,17.037,21.674,27.098
Emerging And Developing Europe,1,0.6484433846163022,-0.4253942323008417,7917.218,76763671.0876802,2.382,42.835142131979694,6.35,-0.776,45.654,35.669,38.873,26.005
"Congo, Republic Of",0,-0.8561872731695669,0.8608255554665031,21.674,1643217.327,3.564,7.446,3.0,-7.467,58.99,24.269,19.095,18.482
Cyprus,0,0.8183530890468372,1.579635358768125,52.205,46995.131,2.97,0.958,2.0,-9.981,38.31,42.692,41.311,11.121
Rwanda,0,-1.0618524827052378,0.9222155275990553,19.968,2459897.55,6.975,15.622,5.0,-7.587,70.524,22.758,25.104,15.873
"Eritrea, The State Of",1,0.3100089639746608,-0.29869867451515597,1.982,8543.464,3.836,3.497,1.3,12.988,260.393,33.973,31.256,17.993
Guyana,0,-0.4615043484329159,-2.9478787679594336,40.275,10356126.561,1.067,0.811,5.496,25.298,26.163,21.219,21.896,37.6
"South Sudan, Republic Of",0,-0.6504595160918258,-0.6550848961630111,8.117,3302146.184,3.788,18.339,5.202,5.958,44.727,25.505,22.743,24.589
"Venezuela, República Bolivariana De",0,-1.124392731840418,3.566246894536028,79.916,4726729.6,-3.0,26.887,682.082,2.508,164.324,13.983,17.583,12.624
Vietnam,0,-1.2896769057291244,-1.1089844523191523,666.786,181540132.591,5.3,105.43,3.3,1.132,30.62,17.977,20.01,31.48
Sudan,0,-1.9186986572643767,2.636376502289331,55.57,11565206.451,5.48,57.322,16.144,-10.731,140.323,10.998,13.778,-1.231
Taiwan Province Of China,0,-0.9292836044102893,-2.1197590243568154,1169.821,1404634.74,2.193,23.279,1.547,12.82,9.844,18.152,17.685,36.94
"Mauritania, Islamic Republic Of",0,-0.2463452987961091,-0.4825715483900285,15.498,127640.468,2.987,5.166,4.0,-7.435,41.657,26.301,27.815,36.366
West Bank And Gaza,1,3.7043543934632197,3.2850307647783437,13.711,9036.708,-26.558,5.613,53.667,-21.136,65.573,34.644,38.183,22.404652173913043
Bahamas,0,-0.5662376305018746,0.6580395357934868,19.166,44194.441,1.5,0.434,1.997,-6.022,66.283,21.962,21.934,21.509
Jamaica,0,-0.0770398204933381,0.5692564038775906,27.814,1822378.021,1.549,2.769,5.0,0.27,51.698,28.217,28.931,16.014
Austria,1,2.252065044283828,-0.4533026202526096,685.248,63489.233,0.734,9.305,2.067,2.63,84.281,52.228,55.815,27.573
Benin,0,-1.2791310359577588,-0.5167047303054926,37.733,1232269.988,5.972,17.302,2.0,-4.217,46.782,17.515,20.415,31.6
Morocco,0,-0.13749290978173287,-0.3954922385880776,251.959,56036.932,3.798,39.33,2.011,-2.962,63.925,28.342,31.308,29.798
Jordan,0,-0.2397232514211077,0.8330336880409502,73.656,4376.117,3.0,11.933,2.314,-4.714,73.372,26.37,30.166,16.775
Zimbabwe,0,-1.3968982562867616,-0.25147126639477696,63.688,152669.862,3.528,19.285,8.021,3.097,35.149,15.125,15.216,22.404652173913043
Antigua And Barbuda,0,-0.7648777376875198,0.5305023448363604,2.929,70702.938,2.491,0.112,1.964,-8.738,58.346,20.489,21.016,25.104
Lebanon,0,-0.13714044271727685,3.9319515032512315,28.28,473016846.316,-7.5,5.354,45.243,-19.677,163.76,16.295,16.483,0.693
Niger,0,-1.8583260517565268,0.484172778867552,35.686,576781.898,6.023,34.846,2.0,-3.971,41.407,11.916,14.933,17.666
Singapore,0,-0.6080335508932212,-2.33543790949249,721.319,145304.921,2.507,6.314,1.971,16.85,178.674,20.087,18.142,40.103
Middle East And Central Asia,0,-0.5191067053061205,-0.6473701630354617,6991.414,76763671.0876802,3.74,42.835142131979694,6.216,0.475,47.422,24.23,25.684,27.332
Algeria,0,-0.1961036744912297,-0.5517468503042253,308.997,1062189.778,2.484,50.685,3.299,-2.727,81.11,22.308,31.53,32.917
Burundi,0,-1.131160123705999,1.511095199421462,9.73,3870690.797,4.512,16.774,13.367,-8.904,38.693,18.338,23.324,10.762
Latin America And The Caribbean (Lac),0,0.12247166527210018,0.16085602936598054,8984.77,76763671.0876802,2.58,42.835142131979694,3.598,-1.154,71.95,29.734,32.709,18.792
Botswana,0,-0.44201079627551426,-0.42237140642723464,28.775,137599.34,4.945,2.973,4.5,-1.085,56.052,24.359,30.967,28.503
Mauritius,0,-0.23354121016130258,-0.0128431334953035,21.447,850087.694,3.4,1.241,3.5,-1.742,75.123,28.824,27.293,24.98
"Afghanistan, Islamic Republic Of",0,-1.2842140865099465,5.252522126274136,18.08,29524.567,1.75,43.373,-4.263,-20.306,8.804,18.843,19.383,-27.872
Bhutan,0,-0.23475153139280394,1.0621090096490025,5.463,574793.057,6.462,0.822,4.0,-22.293,134.569,29.119,32.961,30.691
Tuvalu,1,6.921186721207516,0.25840212466234896,0.073,11388.961,1.791,0.01,2.459,-4.893,10.926,110.494,116.526,22.404652173913043
Germany,1,1.9131741869824685,-0.6715704785993781,6013.749,61802.469,0.679,83.893,2.177,4.224,73.583,48.163,52.213,25.482
Hungary,1,1.3002235536089783,-0.07312740618358496,331.126,11954585.463,2.548,9.443,3.0,1.663,78.829,43.405,47.73,22.486
Asean-5,0,-1.1095167749256547,-0.8293941644869021,4847.495,76763671.0876802,4.492,42.835142131979694,2.386,2.256,71.894,17.553,19.491,28.657
Kenya,0,-1.1493101612382797,0.5869421017313744,166.081,492804.625,4.97,57.976,4.99,-2.997,69.47,18.059,22.805,16.177
"North Macedonia, Republic Of",0,0.49438960609251825,-0.6667970790560914,25.523,770104.541,3.0,1.759,2.0,-2.539,55.539,34.602,37.132,34.077
France,1,2.246782323648722,0.1356238719880452,4009.171,49665.863,1.211,69.596,1.943,0.041,129.43,51.422,57.765,20.81
"Netherlands, The",1,1.4878920767440895,-1.2273297538973904,1607.568,75091.263,1.209,18.457,2.0,9.393,48.546,44.396,47.041,29.6
Argentina,0,0.14668695184113775,-0.06777499952481233,842.591,32084547.97,3.207,50.02,7.5,0.3,58.317,33.649,32.863,22.056
Ukraine,1,0.7883144430227483,0.3685705823004907,288.846,436961.91,4.1,33.936,5.0,-4.272,94.113,40.607,42.618,21.489
Cambodia,0,-1.498521350384334,-0.5216401094601126,69.565,15646384.201,5.506,18.239,3.0,-2.552,33.059,14.449,17.645,30.034
"San Marino, Republic Of",0,-0.6517411924145544,-0.9955677683980964,2.701,66592.727,1.28,0.035,2.0,15.051,55.545,20.242,20.612,22.404652173913043
"Equatorial Guinea, Republic Of",0,-1.1102857157074606,0.05123651181020815,16.181,4890245.472,2.12,1.871,2.462,-3.025,46.299,14.342,17.982,25.872
Sub-Saharan Africa (Ssa),0,-1.1311642527925976,0.1468366124404592,2955.782,76763671.0876802,4.586,42.835142131979694,6.636,-1.832,53.282,18.151,21.281,20.059
Serbia,0,0.6586732355287275,0.5397901145070857,148.706,2376975.655,4.0,6.294,3.0,-4.777,43.203,39.794,41.601,19.156
Other Advanced Economies (Advanced Economies Excluding G7 And Euro Area Countries),1,0.40276228066834635,-1.3862781986299821,12236.588,76763671.0876802,2.091,42.835142131979694,1.949,5.849,51.28,32.64,32.915,31.0
Bangladesh,0,-2.0506317346464438,-0.6582665541316857,716.74,562021.263,6.52,181.767,5.51,-1.983,44.171,9.507,14.641,27.25
Costa Rica,0,-1.368012133506292,0.8071783788775021,138.24,12771333.413,3.5,5.616,3.0,-1.657,57.444,14.692,16.813,13.713
Djibouti,0,-1.3655040366571642,-0.7863226954784193,6.557,1043530.252,5.5,1.117,1.262,8.316,17.307,18.25,18.131,22.603
Euro Area (Ea),1,1.8994529030829288,-0.7278782380297569,21463.176,76763671.0876802,1.125,42.835142131979694,2.045,2.116,92.194,46.591,50.25,24.646
Liechtenstein,0,-0.13131028998172428,-0.9160369319754237,12.119,210520.463,2.0,0.042,0.709,11.852,0.493,30.227,26.94,22.404652173913043
Qatar,0,-0.44258928880885584,-1.3543400018965197,296.845,338973.745,3.377,3.188,2.033,11.606,34.87,27.059,24.246,28.35
Thailand,0,-0.668695680123784,-0.31729602577677385,654.084,321467.456,2.485,70.4,1.75,2.661,68.888,21.02,23.416,23.464
"Ethiopia, The Federal Democratic Republic Of",0,-2.105267584611739,-0.3356143312036963,217.932,296847.742,7.496,119.246,9.436,-1.774,32.099,12.039,13.589,23.499
Italy,1,1.821601613161294,-0.37769482145599503,2985.05,43998.237,0.719,58.493,2.0,1.976,137.01,46.948,49.406,26.783
Nepal,0,-0.7312300802787735,-0.5200340489305653,70.123,338968.068,5.005,29.549,5.0,-3.467,48.078,22.784,26.005,31.319
Canada,1,1.1818183081503095,0.07708275211383513,2910.474,91144.331,1.635,42.522,1.944,-0.248,107.892,41.716,43.177,22.153
Malta,0,0.1618528207721068,-0.29039338671007575,38.339,53822.15,4.0,0.614,1.993,3.414,47.081,32.906,35.521,22.379
Suriname,0,-0.6638342251710911,-3.4162722348880203,11.543,660798.036,3.011,0.709,5.0,28.213,34.268,24.402,18.345,39.663
"Estonia, Republic Of",1,1.065028039382664,0.07214950043750835,61.302,38676.724,1.749,1.364,2.31,-1.426,35.442,40.86,43.645,23.418
Barbados,0,-0.22402968476803747,1.2265713341950304,9.656,65400.098,2.0,0.295,2.402,-5.014,75.937,27.571,27.051,12.781
"Aruba, Kingdom Of The Netherlands",0,-0.4143961435305083,-1.002208141826333,5.193,85531.634,1.336,0.109,2.289,6.718,52.137,23.381,22.339,30.578
"Türkiye, Republic Of",0,-0.1282413051198496,-0.8558583155637776,1961.776,1928318.129,3.816,88.006,15.004,-1.339,25.851,28.964,32.402,32.363
Iceland,1,1.0700839254792567,-0.4036756582377872,58.161,14934607.711,2.397,0.433,2.5,0.705,37.768,42.8,42.842,27.132
Georgia,0,-0.4552553101011258,0.5202544173965862,49.802,42822.676,5.0,3.678,3.0,-4.927,35.094,27.673,29.784,19.07
"Madagascar, Republic Of",0,-1.561391627052278,0.46591039448457866,30.993,4175792.291,5.013,36.065,6.0,-4.975,49.539,13.625,17.183,19.895
Grenada,0,-0.20337746881665938,1.7433030251277342,1.852,41866.588,2.735,0.119,1.98,-12.296,67.359,28.915,28.707,12.449
Guatemala,0,-1.5820353444073192,0.3152687790556318,174.485,67567.605,3.855,19.858,4.041,-0.017,30.781,12.425,15.266,17.536
Togo,0,-0.9926629678006859,-0.48200880314755734,16.241,831591.294,5.5,11.035,2.25,0.232,63.323,20.239,23.263,27.533
"Moldova, Republic Of",0,0.3691596453021321,1.7610707588423995,30.003,247432.099,3.5,2.182,5.0,-14.785,42.713,35.395,38.877,13.603
"Uzbekistan, Republic Of",0,-0.6034924359460443,-0.7333720641047834,240.767,80517075.082,5.715,41.829,4.983,-4.782,29.881,25.995,28.324,33.892
"Poland, Republic Of",1,1.2603711823989623,0.5148453297175246,1386.324,142285.052,2.555,35.924,2.5,-1.597,75.926,43.213,48.233,16.977
United Kingdom,1,1.0838901283076,0.6894926688895762,5199.779,49793.67,1.443,71.88,2.0,-2.205,105.417,40.55,42.786,14.751
Gabon,0,-0.4558255898960714,-0.18644319133067958,26.903,5929175.787,2.843,2.566,1.989,-3.537,103.297,18.721,28.811,30.374
"Congo, Democratic Republic Of The",0,-1.7412921537181283,0.6075578223431417,115.223,3464384.192,5.437,125.093,6.952,-3.174,6.274,15.087,16.478,12.841
Iraq,0,0.4313001766622165,0.5869426619162511,345.909,8780846.341,4.127,51.212,3.576,0.866,69.833,35.579,41.486,12.554
Senegal,0,-0.6486562463461881,0.32123360335327017,50.165,1292223.174,4.613,21.955,2.019,-4.859,111.764,22.936,25.925,23.371
Chile,0,-0.34879454696896994,0.24060383512732994,431.103,20897515.901,2.215,20.735,3.0,-2.878,44.434,25.489,26.382,22.257
"Bahrain, Kingdom Of",0,-0.44336476170672473,-0.6824599511882578,59.377,12495.569,3.222,1.787,2.0,2.721,157.32,18.512,28.174,31.789
"Croatia, Republic Of",1,1.3433588074220546,0.008055642825812585,135.725,30436.714,2.5,3.845,2.392,-0.656,59.352,45.004,47.484,23.411
"Latvia, Republic Of",1,1.0346397559854343,0.44977611385074323,63.664,29676.74,2.43,1.85,2.15,-2.5,53.52,40.701,45.019,19.477
Japan,1,1.2136571620500547,-0.6790778149407227,5119.885,5982171.943,0.496,119.898,1.999,3.457,222.163,36.989,41.385,29.676
Norway,1,2.2551286553512226,-2.0447980565987383,621.811,1093011.147,1.331,5.846,2.0,12.903,40.004,59.018,50.251,36.74
Papua New Guinea,0,-0.9925175177790757,-0.8610048496476054,38.29,12878.665,3.1,14.205,4.5,11.476,40.227,19.399,19.001,22.404652173913043
Honduras,0,-0.6129809918190583,0.4627358839027726,51.079,126957.554,3.8,11.833,4.0,-3.988,38.071,24.555,25.791,19.675
"China, People'S Republic Of",1,-0.6043847363508903,-4.525340397967246,26336.991,131582.215,3.362,1387.277,1.974,2.06,116.135,25.723,33.709,42.65
Belize,0,-0.27384373140586543,0.5639192556402488,3.926,17430.939,2.0,0.451,1.26,-1.373,62.005,25.701,27.247,17.616
Czech Republic,1,1.057141834078306,-0.20648636303864215,485.675,955644.557,2.016,10.738,2.0,-0.004,52.458,40.166,43.979,25.598
"Timor-Leste, Democratic Republic Of",1,2.0755691179930684,2.5500001834361443,2.797,1853.897,3.2,1.509,2.0,-33.926,14.672,31.409,83.256,22.404652173913043
Guinea,0,-1.7265869751428673,0.2830045457955122,47.778,24275427.582,7.767,17.879,2.959,-0.139,24.079,16.64,18.74,15.203
Sierra Leone,0,-1.7437055481073718,0.582679526659479,11.165,36063761.315,4.585,9.767,9.0,-3.266,29.839,12.539,13.465,17.102
Bulgaria,0,0.31689208789226603,0.29837005971068215,177.26,49756.608,2.644,6.007,2.407,-0.131,36.046,33.26,36.398,18.593
Spain,1,1.2253938685995562,-0.17143400972282294,2380.017,39457.379,1.591,52.004,2.0,1.763,92.563,42.187,44.204,23.048
"Kazakhstan, Republic Of",0,-0.9703798228805605,-0.3777321118726863,429.484,14003816.791,3.429,21.441,5.896,-2.624,30.226,19.262,20.213,29.331
"Gambia, The",0,-0.9010546684240177,-0.043822439453147614,3.569,87159.611,5.036,3.253,5.0,-1.277,49.657,22.528,23.018,23.441
Paraguay,0,-1.0348067168077153,0.0016849137206429853,64.347,69522785.305,3.5,7.37,3.5,-1.223,38.183,18.736,20.022,23.221
New Zealand,0,0.5658289590974979,0.5441074547163156,327.463,98790.794,2.193,5.593,2.015,-3.394,52.997,36.924,36.932,19.105
"Yemen, Republic Of",0,-1.1235998903497293,-0.20978273774019687,25.778,2067476.171,5.0,47.668,10.0,3.957,51.946,19.617,21.683,19.818
Namibia,0,0.27838218925513397,1.9512507230320593,20.58,109096.443,3.018,3.336,3.0,-9.859,65.041,33.703,37.308,6.959
St. Vincent And The Grenadines,0,-0.22902674321524996,1.3152675710829127,1.563,37744.362,2.7,0.112,2.003,-8.931,74.718,28.644,27.518,14.964
Greece,1,1.5916441301393596,0.8608829290545944,351.607,29399.14,1.565,10.302,2.0,-3.14,130.199,46.775,48.159,16.615
Israel,1,0.6423437894143925,-0.6995089562104538,799.062,255170.899,3.368,11.144,2.057,2.819,71.956,35.989,40.478,28.898
Turkmenistan,0,-1.449952316989715,0.2787700508372471,110.589,55021.231,2.309,7.035,8.0,-3.58,3.784,12.784,13.967,22.404652173913043
Indonesia,0,-1.6553152521729624,-1.1761165367652302,2079.139,115609255.74,5.138,297.431,2.517,-1.074,41.529,14.293,16.986,30.373
"Iran, Islamic Republic Of",0,-2.6378838815258767,-4.992019191768512,511.317,13636926970.857,1.999,92.007,25.0,3.0,39.295,10.682,14.043,44.513
"Armenia, Republic Of",0,-0.5293616368950902,0.5011955084485187,38.388,5272227.549,4.5,3.052,3.016,-4.319,53.077,25.5,28.157,19.535
Cabo Verde,0,-0.5647258378477577,0.5955783738243478,4.102,791670.779,4.461,0.529,2.0,-3.377,80.701,25.942,26.026,18.019
Luxembourg,1,1.6477975842432873,-1.211396191558758,126.829,144478.233,2.115,0.757,2.001,11.976,30.591,48.241,50.553,26.55
Portugal,1,1.1556236866729142,0.1796326304856197,420.083,34061.102,1.65,10.633,2.025,1.127,77.354,42.354,43.264,20.134
"Fiji, Republic Of",0,-0.17925864367709352,0.49871933606672936,8.261,19699.334,3.194,0.956,3.5,-5.571,79.351,26.415,30.865,22.404652173913043
Burkina Faso,0,-0.8558509286462471,0.8314485699435971,40.216,839891.902,4.743,26.991,2.0,-3.879,49.816,22.403,25.403,13.975
"São Tomé And Príncipe, Democratic Republic Of",0,-1.0569904126114156,0.8452615445475602,1.618,127993.441,3.5,0.265,5.0,-3.724,30.533,21.673,18.04,14.681
